{
    "main_page_h1": "Main page",
    "main_page_slide_1": "Slide 1",
    "main_page_slide_2": "Slide 2",
    "main_page_slide_3": "Slide 3",
    "continue": "Continue",
    "ButtonBack": "Back",
    "trainings": {
        "trainingsText": "Trainings Text",
        "trainingsName": "My trainings",
        "noTrainings": "No trainings",
        "add": "Add new training",
        "addTitle": "Adding new training",
        "changeTitle": "Change training",
        "share": "Share",
        "lastDate": "Last training",
        "start":"Start",
        "details":"Details",
        "more":"More",
        "change":"Change",
        "showExercises":"Exercises",
        "loading":"Loading your trainings"
    },
    "exercises": {
        "exercisesText": "Exercises Text",
        "exercisesName": "My exercises",
        "noExercises": "You haven't added exercises to your workout yet"
    }
}