{
    "main_page_h1": "Главная страница",
    "main_page_slide_1": "Слайд 1",
    "main_page_slide_2": "Слайд 2",
    "main_page_slide_3": "Слайд 3",
    "continue": "Продолжить",
    "ButtonBack": "Назад",
    "trainings": {
        "trainingsText": "Мои тренировки",
        "trainingsName": "Мои тренировки",
        "noTrainings": "У вас нет тренировок",
        "add": "Добавить новую тренировку",
        "addTitle": "Добавление новой тренировки",
        "changeTitle": "Изменение тренировки",
        "share": "Поделиться",
        "lastDate": "Последняя тренировка",
        "start":"Перейти",
        "details":"Изменить",
        "more":"Еще",
        "change":"Изменить",
        "showExercises":"Упражнения",
        "loading":"Загружаем ваши тренировки"
    },
    "exercises": {
        "exercisesText": "Упражнения",
        "exercisesName": "Мои упражнения",
        "noExercises": "Вы еще не добавили упражнения в тренировку"
    }
}
